--- Available filters and text transformations: colorize, debug, default, direct, esp32_exception_decoder, hexlify, log2file, nocontrol, printable, send_on_enter, time
--- More details at https://bit.ly/pio-monitor-filters
-5.63
43.91,7.51,-5.63
43.91,7.42,-5.63
43.92,7.34,-5.63
43.92,7.26,-5.63
43.92,7.18,-5.63
43.92,7.10,-5.63
43.92,7.03,-5.63
43.93,6.97,-5.63
43.93,6.90,-5.63
43.93,6.83,-5.63
43.93,6.77,-5.63
43.94,6.72,-5.63
43.94,6.67,-5.63
43.94,6.60,-6.60
43.94,6.57,-6.60
43.94,6.56,-6.60
43.95,6.54,-6.60
43.95,6.53,-6.60
43.95,6.52,-6.60
43.95,6.52,-6.60
43.96,6.51,-6.60
43.96,6.52,-6.60
43.96,6.52,-6.60
43.96,6.54,-6.60
43.96,6.55,-6.60
43.97,6.57,-6.60
43.97,6.59,-6.60
43.97,6.61,-6.60
43.97,6.63,-6.60
43.97,6.64,-6.60
43.98,6.65,-6.60
43.98,6.65,-6.60
43.98,6.65,-6.60
43.98,6.65,-6.60
43.98,6.64,-6.60
43.99,6.63,-6.60
43.99,6.63,-6.60
43.99,6.62,-6.60
43.99,6.61,-6.60
43.99,6.61,-6.60
44.00,6.60,-6.60
44.00,6.59,-6.60
44.00,6.59,-6.60
44.00,6.59,-6.60
44.00,6.58,-6.60
44.01,6.57,-6.60
44.01,6.57,-6.60
44.01,6.58,-6.60
44.01,6.59,-6.60
44.01,6.61,-6.60
44.02,6.63,-6.60
44.02,6.66,-6.60
44.02,6.69,-6.60
44.02,6.72,-6.60
44.03,6.75,-6.60
44.03,6.77,-6.60
44.03,6.81,-6.60
44.03,6.85,-6.60
44.03,6.88,-6.60
44.03,6.92,-6.60
44.04,6.95,-6.60
44.04,6.98,-6.60
44.04,7.04,-7.04
44.05,7.08,-7.04
44.05,7.10,-7.04
44.05,7.12,-7.04
44.05,7.14,-7.04
44.05,7.16,-7.04
44.06,7.18,-7.04
44.06,7.19,-7.04
44.06,7.20,-7.04
44.06,7.21,-7.04
44.06,7.22,-7.04
44.07,7.22,-7.04
44.07,7.22,-7.04
44.07,7.22,-7.04
44.07,7.22,-7.04
44.07,7.22,-7.04
44.08,7.23,-7.04
44.08,7.23,-7.04
44.08,7.23,-7.04
44.08,7.23,-7.04
44.08,7.22,-7.04
44.09,7.21,-7.04
44.09,7.20,-7.04
44.09,7.17,-7.04
44.09,7.15,-7.04
44.09,7.12,-7.04
44.10,7.10,-7.04
44.10,7.07,-7.04
44.10,7.04,-7.04
44.10,7.01,-7.04
44.10,6.99,-7.04
44.11,6.97,-7.04
44.11,6.94,-7.04
44.11,6.92,-7.04
44.11,6.89,-7.04
44.12,6.87,-7.04
44.12,6.84,-7.04
44.12,6.82,-7.04
44.12,6.80,-7.04
44.12,6.78,-7.04
44.13,6.76,-7.04
44.13,6.75,-7.04
44.13,6.75,-7.04
44.13,6.75,-7.04
44.13,6.76,-7.04
44.14,6.77,-7.04
44.14,6.79,-7.04
44.14,6.82,-7.04
44.14,6.84,-7.04
44.15,6.92,-6.92
44.15,6.97,-6.92
44.15,7.02,-6.92
44.15,7.07,-6.92
44.15,7.14,-6.92
44.16,7.22,-6.92
44.16,7.28,-6.92
44.16,7.35,-6.92
44.16,7.41,-6.92
44.16,7.46,-6.92
44.17,7.51,-6.92
44.17,7.56,-6.92
44.17,7.60,-6.92
44.17,7.64,-6.92
44.17,7.67,-6.92
44.18,7.70,-6.92
44.18,7.72,-6.92
44.18,7.73,-6.92
44.18,7.74,-6.92
44.19,7.73,-6.92
44.19,7.72,-6.92
44.19,7.69,-6.92
44.19,7.66,-6.92
44.19,7.62,-6.92
44.20,7.57,-6.92
44.20,7.52,-6.92
44.20,7.46,-6.92
44.20,7.39,-6.92
44.20,7.32,-6.92
44.21,7.25,-6.92
44.21,7.18,-6.92
44.21,7.10,-6.92
44.21,7.04,-6.92
44.21,6.97,-6.92
44.22,6.90,-6.92
44.22,6.84,-6.92
44.22,6.78,-6.92
44.22,6.72,-6.92
44.22,6.67,-6.92
44.23,6.62,-6.92
44.23,6.59,-6.92
44.23,6.56,-6.92
44.23,6.54,-6.92
44.23,6.53,-6.92
44.24,6.53,-6.92
44.24,6.53,-6.92
44.24,6.53,-6.92
44.24,6.54,-6.92
44.24,6.56,-6.92
44.25,6.59,-6.59
44.25,6.61,-6.59
44.25,6.63,-6.59
44.25,6.65,-6.59
44.26,6.67,-6.59
44.26,6.69,-6.59
44.26,6.73,-6.59
44.26,6.76,-6.59
44.27,6.80,-6.59
44.27,6.84,-6.59
44.27,6.88,-6.59
44.27,6.92,-6.59
44.27,6.96,-6.59
44.28,7.01,-6.59
44.28,7.04,-6.59
44.28,7.08,-6.59
44.28,7.09,-6.59
44.28,7.11,-6.59
44.28,7.11,-6.59
44.29,7.12,-6.59
44.29,7.12,-6.59
44.29,7.12,-6.59
44.29,7.11,-6.59
44.30,7.11,-6.59
44.30,7.09,-6.59
44.30,7.07,-6.59
44.30,7.05,-6.59
44.30,7.02,-6.59
44.31,6.98,-6.59
44.31,6.95,-6.59
44.31,6.92,-6.59
44.31,6.89,-6.59
44.31,6.85,-6.59
44.32,6.82,-6.59
44.32,6.78,-6.59
44.32,6.74,-6.59
44.32,6.71,-6.59
44.32,6.68,-6.59
44.33,6.65,-6.59
44.33,6.62,-6.59
44.33,6.60,-6.59
44.33,6.58,-6.59
44.34,6.57,-6.59
44.34,6.55,-6.59
44.34,6.54,-6.59
44.34,6.54,-6.59
44.34,6.55,-6.59
44.35,6.57,-6.59
44.35,6.59,-6.59
44.35,6.62,-6.62
44.35,6.64,-6.62
44.35,6.65,-6.62
44.36,6.67,-6.62
44.36,6.69,-6.62
44.36,6.70,-6.62
44.36,6.72,-6.62
44.37,6.73,-6.62
44.37,6.74,-6.62
44.37,6.76,-6.62
44.37,6.78,-6.62
44.37,6.80,-6.62
44.38,6.82,-6.62
44.38,6.85,-6.62
44.38,6.87,-6.62
44.38,6.90,-6.62
44.38,6.92,-6.62
44.39,6.94,-6.62
44.39,6.96,-6.62
44.39,6.99,-6.62
44.39,7.01,-6.62
44.39,7.03,-6.62
44.40,7.05,-6.62
44.40,7.07,-6.62
44.40,7.08,-6.62
44.40,7.09,-6.62
44.40,7.09,-6.62
44.41,7.10,-6.62
44.41,7.10,-6.62
44.41,7.10,-6.62
44.41,7.10,-6.62
44.42,7.10,-6.62
44.42,7.10,-6.62
44.42,7.10,-6.62
44.42,7.10,-6.62
44.42,7.10,-6.62
44.42,7.09,-6.62
44.43,7.08,-6.62
44.43,7.07,-6.62
44.43,7.07,-6.62
44.43,7.07,-6.62
44.44,7.07,-6.62
44.44,7.07,-6.62
44.44,7.08,-6.62
44.44,7.09,-6.62
44.44,7.09,-6.62
44.45,7.09,-6.62
44.45,7.10,-6.62
44.45,7.11,-6.62
44.45,7.15,-7.15
44.46,7.17,-7.15
44.46,7.20,-7.15
44.46,7.24,-7.15
44.46,7.28,-7.15
44.46,7.31,-7.15
44.47,7.35,-7.15
44.47,7.39,-7.15
44.47,7.43,-7.15
44.47,7.46,-7.15
44.47,7.48,-7.15
44.48,7.50,-7.15
44.48,7.52,-7.15
44.48,7.52,-7.15
44.48,7.53,-7.15
44.48,7.52,-7.15
44.49,7.52,-7.15
44.49,7.52,-7.15
44.49,7.52,-7.15
44.49,7.52,-7.15
44.49,7.53,-7.15
44.50,7.54,-7.15
44.50,7.55,-7.15
44.50,7.56,-7.15
44.50,7.57,-7.15
44.51,7.57,-7.15
44.51,7.57,-7.15
44.51,7.56,-7.15
44.51,7.53,-7.15
44.51,7.51,-7.15
44.52,7.48,-7.15
44.52,7.45,-7.15
44.52,7.41,-7.15
44.52,7.38,-7.15
44.52,7.34,-7.15
44.53,7.31,-7.15
44.53,7.28,-7.15
44.53,7.25,-7.15
44.53,7.23,-7.15
44.53,7.20,-7.15
44.54,7.18,-7.15
44.54,7.16,-7.15
44.54,7.14,-7.15
44.54,7.13,-7.15
44.54,7.12,-7.15
44.55,7.11,-7.15
44.55,7.11,-7.15
44.55,7.11,-7.15
44.55,7.10,-7.15
44.56,7.10,-7.10
44.56,7.12,-7.10
44.56,7.13,-7.10
44.56,7.15,-7.10
44.56,7.18,-7.10
44.57,7.21,-7.10
44.57,7.24,-7.10
44.57,7.27,-7.10
44.57,7.31,-7.10
44.57,7.36,-7.10
44.58,7.41,-7.10
44.58,7.45,-7.10
44.58,7.50,-7.10
44.58,7.54,-7.10
44.59,7.57,-7.10
44.59,7.60,-7.10
44.59,7.63,-7.10
44.59,7.66,-7.10
44.59,7.68,-7.10
44.60,7.70,-7.10
44.60,7.70,-7.10
44.60,7.70,-7.10
44.60,7.69,-7.10
44.60,7.68,-7.10
44.61,7.67,-7.10
44.61,7.65,-7.10
44.61,7.64,-7.10
44.61,7.63,-7.10
44.61,7.62,-7.10
44.62,7.61,-7.10
44.62,7.60,-7.10
44.62,7.60,-7.10
44.62,7.58,-7.10
44.62,7.57,-7.10
44.63,7.55,-7.10
44.63,7.53,-7.10
44.63,7.50,-7.10
44.63,7.48,-7.10
44.63,7.46,-7.10
44.64,7.44,-7.10
44.64,7.43,-7.10
44.64,7.41,-7.10
44.64,7.41,-7.10
44.65,7.40,-7.10
44.65,7.39,-7.10
44.65,7.38,-7.10
44.65,7.38,-7.10
44.65,7.39,-7.10
44.66,7.40,-7.10
44.66,7.43,-7.43
44.66,7.45,-7.43
44.66,7.47,-7.43
44.67,7.48,-7.43
44.67,7.49,-7.43
44.67,7.50,-7.43
44.67,7.51,-7.43
44.67,7.52,-7.43
44.67,7.53,-7.43
44.68,7.55,-7.43
44.68,7.56,-7.43
44.68,7.58,-7.43
44.68,7.60,-7.43
44.69,7.63,-7.43
44.69,7.67,-7.43
44.69,7.71,-7.43
44.69,7.75,-7.43
44.69,7.78,-7.43
44.70,7.81,-7.43
44.70,7.82,-7.43
44.70,7.83,-7.43
44.70,7.83,-7.43
44.70,7.82,-7.43
44.71,7.81,-7.43
44.71,7.80,-7.43
44.71,7.79,-7.43
44.71,7.78,-7.43
44.71,7.77,-7.43
44.72,7.77,-7.43
44.72,7.75,-7.43
44.72,7.73,-7.43
44.72,7.71,-7.43
44.73,7.69,-7.43
44.73,7.66,-7.43
44.73,7.63,-7.43
44.73,7.60,-7.43
44.73,7.57,-7.43
44.74,7.53,-7.43
44.74,7.50,-7.43
44.74,7.46,-7.43
44.74,7.42,-7.43
44.74,7.38,-7.43
44.75,7.35,-7.43
44.75,7.32,-7.43
44.75,7.30,-7.43
44.75,7.27,-7.43
44.75,7.24,-7.43
44.76,7.22,-7.43
44.76,7.21,-7.43
44.76,7.20,-7.20
44.76,7.20,-7.20
44.77,7.20,-7.20
44.77,7.20,-7.20
44.77,7.22,-7.20
44.77,7.22,-7.20
44.77,7.23,-7.20
44.78,7.24,-7.20
44.78,7.25,-7.20
44.78,7.25,-7.20
44.78,7.26,-7.20
44.78,7.28,-7.20
44.79,7.29,-7.20
44.79,7.32,-7.20
44.79,7.34,-7.20
44.79,7.36,-7.20
44.79,7.39,-7.20
44.80,7.43,-7.20
44.80,7.46,-7.20
44.80,7.49,-7.20
44.80,7.52,-7.20
44.80,7.54,-7.20
44.81,7.56,-7.20
44.81,7.57,-7.20
44.81,7.59,-7.20
44.81,7.60,-7.20
44.82,7.60,-7.20
44.82,7.60,-7.20
44.82,7.61,-7.20
44.82,7.61,-7.20
44.82,7.61,-7.20
44.83,7.61,-7.20
44.83,7.62,-7.20
44.83,7.62,-7.20
44.83,7.63,-7.20
44.83,7.63,-7.20
44.84,7.63,-7.20
44.84,7.63,-7.20
44.84,7.62,-7.20
44.84,7.62,-7.20
44.84,7.61,-7.20
44.85,7.61,-7.20
44.85,7.60,-7.20
44.85,7.58,-7.20
44.85,7.57,-7.20
44.85,7.55,-7.20
44.86,7.53,-7.20
44.86,7.51,-7.20
44.86,7.48,-7.20
44.86,7.41,-7.41
44.87,7.37,-7.41
44.87,7.32,-7.41
44.87,7.28,-7.41
44.87,7.24,-7.41
44.87,7.20,-7.41
44.88,7.16,-7.41
44.88,7.12,-7.41
44.88,7.09,-7.41
44.88,7.06,-7.41
44.88,7.04,-7.41
44.89,7.02,-7.41
44.89,7.00,-7.41
44.89,6.98,-7.41
44.89,6.97,-7.41
44.90,6.96,-7.41
44.90,6.96,-7.41
44.90,6.95,-7.41
44.90,6.95,-7.41
44.90,6.95,-7.41
44.91,6.95,-7.41
44.91,6.95,-7.41
44.91,6.95,-7.41
44.91,6.96,-7.41
44.91,6.98,-7.41
44.92,7.01,-7.41
44.92,7.02,-7.41
44.92,7.04,-7.41
44.92,7.06,-7.41
44.92,7.08,-7.41
44.93,7.09,-7.41
44.93,7.11,-7.41
44.93,7.12,-7.41
44.93,7.13,-7.41
44.93,7.14,-7.41
44.94,7.15,-7.41
44.94,7.15,-7.41
44.94,7.14,-7.41
44.94,7.13,-7.41
44.94,7.12,-7.41
44.95,7.11,-7.41
44.95,7.11,-7.41
44.95,7.11,-7.41
44.95,7.10,-7.41
44.95,7.08,-7.41
44.96,7.07,-7.41
44.96,7.06,-7.41
44.96,7.05,-7.41
44.96,7.03,-7.41
44.97,7.00,-7.00
44.97,6.99,-7.00
44.97,6.98,-7.00
44.97,6.97,-7.00
44.98,6.96,-7.00
44.98,6.95,-7.00
44.98,6.94,-7.00
44.98,6.94,-7.00
44.98,6.94,-7.00
44.99,6.93,-7.00
44.99,6.92,-7.00
44.99,6.91,-7.00
44.99,6.90,-7.00
44.99,6.89,-7.00
45.00,6.89,-7.00
45.00,6.89,-7.00
45.00,6.89,-7.00
45.00,6.88,-7.00
45.00,6.88,-7.00
45.01,6.88,-7.00
45.01,6.88,-7.00
45.01,6.88,-7.00
45.01,6.88,-7.00
45.01,6.88,-7.00
45.02,6.88,-7.00
45.02,6.88,-7.00
45.02,6.88,-7.00
45.02,6.89,-7.00
45.02,6.89,-7.00
45.03,6.88,-7.00
45.03,6.88,-7.00
45.03,6.88,-7.00
45.03,6.89,-7.00
45.03,6.88,-7.00
45.04,6.87,-7.00
45.04,6.87,-7.00
45.04,6.87,-7.00
45.04,6.86,-7.00
45.04,6.84,-7.00
45.05,6.83,-7.00
45.05,6.81,-7.00
45.05,6.80,-7.00
45.05,6.79,-7.00
45.06,6.77,-7.00
45.06,6.75,-7.00
45.06,6.74,-7.00
45.06,6.73,-7.00
45.06,6.72,-7.00
45.07,6.71,-7.00
45.07,6.72,-6.72
45.07,6.73,-6.72
45.07,6.74,-6.72
45.08,6.76,-6.72
45.08,6.77,-6.72
45.08,6.80,-6.72
45.08,6.82,-6.72
45.08,6.85,-6.72
45.09,6.87,-6.72
45.09,6.89,-6.72
45.09,6.91,-6.72
45.09,6.92,-6.72
45.09,6.94,-6.72
45.10,6.95,-6.72
45.10,6.96,-6.72
45.10,6.97,-6.72
45.10,6.99,-6.72
45.10,7.01,-6.72
45.11,7.04,-6.72
45.11,7.08,-6.72
45.11,7.12,-6.72
45.11,7.16,-6.72
45.11,7.21,-6.72
45.12,7.25,-6.72
45.12,7.28,-6.72
45.12,7.31,-6.72
45.12,7.34,-6.72
45.13,7.37,-6.72
45.13,7.40,-6.72
45.13,7.43,-6.72
45.13,7.45,-6.72
45.13,7.46,-6.72
45.14,7.47,-6.72
45.14,7.48,-6.72
45.14,7.50,-6.72
45.14,7.51,-6.72
45.14,7.53,-6.72
45.15,7.55,-6.72
45.15,7.57,-6.72
45.15,7.59,-6.72
45.15,7.60,-6.72
45.15,7.62,-6.72
45.16,7.64,-6.72
45.16,7.64,-6.72
45.16,7.65,-6.72
45.16,7.65,-6.72
45.16,7.65,-6.72
45.17,7.65,-6.72
45.17,7.64,-6.72
45.17,7.61,-7.61
45.17,7.59,-7.61
45.18,7.58,-7.61
45.18,7.56,-7.61
45.18,7.54,-7.61
45.18,7.53,-7.61
45.18,7.51,-7.61
45.19,7.49,-7.61
45.19,7.47,-7.61
45.19,7.46,-7.61
45.19,7.44,-7.61
45.20,7.43,-7.61
45.20,7.42,-7.61
45.20,7.40,-7.61
45.20,7.39,-7.61
45.20,7.37,-7.61
45.21,7.36,-7.61
45.21,7.35,-7.61
45.21,7.33,-7.61
45.21,7.33,-7.61
45.21,7.32,-7.61
45.22,7.31,-7.61
45.22,7.31,-7.61
45.22,7.32,-7.61
45.22,7.33,-7.61
45.22,7.34,-7.61
45.23,7.35,-7.61
45.23,7.37,-7.61
45.23,7.39,-7.61
45.23,7.40,-7.61
45.23,7.41,-7.61
45.24,7.43,-7.61
45.24,7.44,-7.61
45.24,7.44,-7.61
45.24,7.44,-7.61
45.24,7.44,-7.61
45.25,7.45,-7.61
45.25,7.45,-7.61
45.25,7.46,-7.61
45.25,7.46,-7.61
45.25,7.46,-7.61
45.26,7.45,-7.61
45.26,7.45,-7.61
45.26,7.44,-7.61
45.26,7.43,-7.61
45.27,7.43,-7.61
45.27,7.42,-7.61
45.27,7.42,-7.61
45.27,7.40,-7.61
45.28,7.37,-7.37
45.28,7.35,-7.37
45.28,7.34,-7.37
45.28,7.32,-7.37
45.28,7.30,-7.37
45.28,7.28,-7.37
45.29,7.26,-7.37
45.29,7.24,-7.37
45.29,7.22,-7.37
45.29,7.19,-7.37
45.30,7.16,-7.37
45.30,7.13,-7.37
45.30,7.11,-7.37
45.30,7.08,-7.37
45.30,7.05,-7.37
45.31,7.03,-7.37
45.31,7.00,-7.37
45.31,6.98,-7.37
45.31,6.97,-7.37
45.31,6.96,-7.37
45.32,6.95,-7.37
45.32,6.94,-7.37
45.32,6.93,-7.37
45.32,6.93,-7.37
45.32,6.92,-7.37
45.33,6.92,-7.37
45.33,6.92,-7.37
45.33,6.92,-7.37
45.33,6.92,-7.37
45.34,6.93,-7.37
45.34,6.93,-7.37
45.34,6.94,-7.37
45.34,6.94,-7.37
45.34,6.94,-7.37
45.35,6.94,-7.37
45.35,6.95,-7.37
45.35,6.95,-7.37
45.35,6.96,-7.37
45.35,6.97,-7.37
45.35,6.97,-7.37
45.36,6.97,-7.37
45.36,6.98,-7.37
45.36,6.98,-7.37
45.36,6.97,-7.37
45.37,6.97,-7.37
45.37,6.97,-7.37
45.37,6.98,-7.37
45.37,7.00,-7.37
45.37,7.01,-7.37
45.38,7.01,-7.01
45.38,7.01,-7.01
45.38,7.01,-7.01
45.38,7.01,-7.01
45.39,7.01,-7.01
45.39,7.01,-7.01
45.39,7.00,-7.01
45.39,6.99,-7.01
45.39,6.97,-7.01
45.40,6.95,-7.01
45.40,6.93,-7.01
45.40,6.91,-7.01
45.40,6.89,-7.01
45.40,6.87,-7.01
45.41,6.86,-7.01
45.41,6.85,-7.01
45.41,6.84,-7.01
45.41,6.83,-7.01
45.41,6.83,-7.01
45.42,6.83,-7.01
45.42,6.83,-7.01
45.42,6.83,-7.01
45.42,6.83,-7.01
45.42,6.83,-7.01
45.43,6.83,-7.01
45.43,6.82,-7.01
45.43,6.82,-7.01
45.43,6.81,-7.01
45.44,6.82,-7.01
45.44,6.82,-7.01
45.44,6.82,-7.01
45.44,6.82,-7.01
45.44,6.82,-7.01
45.45,6.82,-7.01
45.45,6.82,-7.01
45.45,6.81,-7.01
45.45,6.81,-7.01
45.45,6.81,-7.01
45.46,6.81,-7.01
45.46,6.82,-7.01
45.46,6.82,-7.01
45.46,6.82,-7.01
45.46,6.83,-7.01
45.47,6.83,-7.01
45.47,6.84,-7.01
45.47,6.85,-7.01
45.47,6.86,-7.01
45.47,6.87,-7.01
45.48,6.90,-7.01
45.48,6.93,-6.93
45.48,6.95,-6.93
45.48,6.97,-6.93
45.49,6.99,-6.93
45.49,7.00,-6.93
45.49,7.01,-6.93
45.49,7.01,-6.93
45.49,7.01,-6.93
45.50,7.01,-6.93
45.50,7.00,-6.93
45.50,7.00,-6.93
45.50,7.00,-6.93
45.51,7.00,-6.93
45.51,7.01,-6.93
45.51,7.01,-6.93
45.51,7.02,-6.93
45.51,7.04,-6.93
45.52,7.06,-6.93
45.52,7.07,-6.93
45.52,7.09,-6.93
45.52,7.11,-6.93
45.52,7.13,-6.93
45.53,7.14,-6.93
45.53,7.15,-6.93
45.53,7.17,-6.93
45.53,7.19,-6.93
45.53,7.21,-6.93
45.53,7.24,-6.93
45.54,7.27,-6.93
45.54,7.30,-6.93
45.54,7.32,-6.93
45.54,7.34,-6.93
45.55,7.36,-6.93
45.55,7.38,-6.93
45.55,7.40,-6.93
45.55,7.42,-6.93
45.55,7.43,-6.93
45.56,7.43,-6.93
45.56,7.44,-6.93
45.56,7.44,-6.93
45.56,7.45,-6.93
45.56,7.46,-6.93
45.57,7.47,-6.93
45.57,7.47,-6.93
45.57,7.48,-6.93
45.57,7.48,-6.93
45.58,7.48,-6.93
45.58,7.48,-6.93
45.58,7.46,-6.93
45.58,7.45,-7.45
45.58,7.44,-7.45
45.59,7.42,-7.45
45.59,7.40,-7.45
45.59,7.38,-7.45
45.59,7.37,-7.45
45.60,7.34,-7.45
45.60,7.32,-7.45
45.60,7.29,-7.45
45.60,7.26,-7.45
45.60,7.23,-7.45
45.60,7.20,-7.45
45.61,7.18,-7.45
45.61,7.15,-7.45
45.61,7.13,-7.45
45.61,7.10,-7.45
45.62,7.07,-7.45
45.62,7.05,-7.45
45.62,7.03,-7.45
45.62,7.02,-7.45
45.62,7.00,-7.45
45.63,6.98,-7.45
45.63,6.96,-7.45
45.63,6.94,-7.45
45.63,6.92,-7.45
45.63,6.90,-7.45
45.64,6.89,-7.45
45.64,6.89,-7.45
45.64,6.89,-7.45
45.64,6.89,-7.45
45.64,6.89,-7.45
45.65,6.89,-7.45
45.65,6.89,-7.45
45.65,6.90,-7.45
45.65,6.90,-7.45
45.65,6.91,-7.45
45.66,6.92,-7.45
45.66,6.93,-7.45
45.66,6.93,-7.45
45.66,6.94,-7.45
45.67,6.94,-7.45
45.67,6.95,-7.45
45.67,6.96,-7.45
45.67,6.97,-7.45
45.67,6.98,-7.45
45.67,6.99,-7.45
45.68,6.99,-7.45
45.68,7.00,-7.45
45.68,7.01,-7.45
45.69,7.01,-7.01
45.69,7.01,-7.01
45.69,7.00,-7.01
45.69,7.00,-7.01
45.69,7.00,-7.01
45.70,7.00,-7.01
45.70,7.00,-7.01
45.70,7.01,-7.01
45.70,7.01,-7.01
45.70,7.01,-7.01
45.71,7.02,-7.01
45.71,7.03,-7.01
45.71,7.05,-7.01
45.71,7.06,-7.01
45.71,7.08,-7.01
45.72,7.10,-7.01
45.72,7.12,-7.01
45.72,7.15,-7.01
45.72,7.17,-7.01
45.72,7.19,-7.01
45.73,7.20,-7.01
45.73,7.22,-7.01
45.73,7.23,-7.01
45.73,7.24,-7.01
45.73,7.25,-7.01
45.74,7.27,-7.01
45.74,7.29,-7.01
45.74,7.31,-7.01
45.74,7.33,-7.01
45.75,7.35,-7.01
45.75,7.36,-7.01
45.75,7.37,-7.01
45.75,7.38,-7.01
45.75,7.38,-7.01
45.76,7.37,-7.01
45.76,7.37,-7.01
45.76,7.37,-7.01
45.76,7.37,-7.01
45.76,7.37,-7.01
45.77,7.37,-7.01
45.77,7.36,-7.01
45.77,7.35,-7.01
45.77,7.35,-7.01
45.77,7.35,-7.01
45.78,7.35,-7.01
45.78,7.34,-7.01
45.78,7.33,-7.01
45.78,7.33,-7.01
45.78,7.32,-7.01
45.79,7.31,-7.31
45.79,7.30,-7.31
45.79,7.30,-7.31
45.79,7.30,-7.31
45.80,7.30,-7.31
45.80,7.30,-7.31
45.80,7.29,-7.31
45.80,7.28,-7.31
45.80,7.28,-7.31
45.81,7.28,-7.31
45.81,7.29,-7.31
45.81,7.30,-7.31
45.81,7.30,-7.31
45.81,7.31,-7.31
45.82,7.31,-7.31
45.82,7.32,-7.31
45.82,7.33,-7.31
45.82,7.34,-7.31
45.82,7.34,-7.31
45.83,7.34,-7.31
45.83,7.34,-7.31
45.83,7.34,-7.31
45.83,7.34,-7.31
45.84,7.33,-7.31
45.84,7.33,-7.31
45.84,7.32,-7.31
45.84,7.31,-7.31
45.84,7.30,-7.31
45.85,7.28,-7.31
45.85,7.26,-7.31
45.85,7.25,-7.31
45.85,7.23,-7.31
45.85,7.21,-7.31
45.85,7.20,-7.31
45.86,7.18,-7.31
45.86,7.17,-7.31
45.86,7.16,-7.31
45.86,7.14,-7.31
45.87,7.12,-7.31
45.87,7.11,-7.31
45.87,7.09,-7.31
45.87,7.06,-7.31
45.87,7.04,-7.31
45.88,7.01,-7.31
45.88,6.99,-7.31
45.88,6.97,-7.31
45.88,6.93,-7.31
45.88,6.90,-7.31
45.89,6.87,-7.31
45.89,6.83,-6.83
45.89,6.80,-6.83
45.89,6.77,-6.83
45.90,6.75,-6.83
45.90,6.73,-6.83
45.90,6.71,-6.83
45.90,6.69,-6.83
45.90,6.69,-6.83
45.91,6.68,-6.83
45.91,6.68,-6.83
45.91,6.68,-6.83
45.91,6.68,-6.83
45.92,6.69,-6.83
45.92,6.70,-6.83
45.92,6.71,-6.83
45.92,6.72,-6.83
45.92,6.75,-6.83
45.92,6.78,-6.83
45.93,6.81,-6.83
45.93,6.84,-6.83
45.93,6.86,-6.83
45.93,6.87,-6.83
45.94,6.89,-6.83
45.94,6.91,-6.83
45.94,6.93,-6.83
45.94,6.96,-6.83
45.94,6.98,-6.83
45.95,7.01,-6.83
45.95,7.04,-6.83
45.95,7.07,-6.83
45.95,7.10,-6.83
45.95,7.14,-6.83
45.96,7.18,-6.83
45.96,7.21,-6.83
45.96,7.24,-6.83
45.96,7.27,-6.83
45.96,7.30,-6.83
45.97,7.32,-6.83
45.97,7.35,-6.83
45.97,7.37,-6.83
45.97,7.39,-6.83
45.97,7.42,-6.83
45.98,7.45,-6.83
45.98,7.48,-6.83
45.98,7.50,-6.83
45.98,7.53,-6.83
45.99,7.54,-6.83
45.99,7.56,-6.83
45.99,7.58,-6.83
45.99,7.59,-7.59
45.99,7.59,-7.59
46.00,7.59,-7.59
46.00,7.60,-7.59
46.00,7.59,-7.59
46.00,7.59,-7.59
46.01,7.58,-7.59
46.01,7.56,-7.59
46.01,7.54,-7.59
46.01,7.52,-7.59
46.01,7.50,-7.59
46.02,7.48,-7.59
46.02,7.46,-7.59
46.02,7.45,-7.59
46.02,7.44,-7.59
46.02,7.42,-7.59
46.03,7.40,-7.59
46.03,7.39,-7.59
46.03,7.36,-7.59
46.03,7.34,-7.59
46.03,7.33,-7.59
46.04,7.31,-7.59
46.04,7.30,-7.59
46.04,7.28,-7.59
46.04,7.27,-7.59
46.04,7.25,-7.59
46.05,7.24,-7.59
46.05,7.22,-7.59
46.05,7.21,-7.59
46.05,7.19,-7.59
46.05,7.18,-7.59
46.06,7.17,-7.59
46.06,7.17,-7.59
46.06,7.16,-7.59
46.06,7.16,-7.59
46.06,7.15,-7.59
46.07,7.16,-7.59
46.07,7.15,-7.59
46.07,7.14,-7.59
46.07,7.15,-7.59
46.08,7.16,-7.59
46.08,7.16,-7.59
46.08,7.16,-7.59
46.08,7.17,-7.59
46.08,7.16,-7.59
46.09,7.16,-7.59
46.09,7.17,-7.59
46.09,7.17,-7.59
46.09,7.17,-7.59
46.10,7.17,-7.17
46.10,7.18,-7.17
46.10,7.18,-7.17
46.10,7.19,-7.17
46.10,7.20,-7.17
46.10,7.21,-7.17
46.11,7.22,-7.17
46.11,7.22,-7.17
46.11,7.23,-7.17
46.11,7.24,-7.17
46.12,7.24,-7.17
46.12,7.25,-7.17
46.12,7.25,-7.17
46.12,7.25,-7.17
46.12,7.25,-7.17
46.13,7.25,-7.17
46.13,7.24,-7.17
46.13,7.23,-7.17
46.13,7.22,-7.17
46.13,7.21,-7.17
46.14,7.19,-7.17
46.14,7.18,-7.17
46.14,7.16,-7.17
46.14,7.14,-7.17
46.14,7.12,-7.17
46.15,7.09,-7.17
46.15,7.07,-7.17
46.15,7.06,-7.17
46.15,7.04,-7.17
46.16,7.01,-7.17
46.16,6.98,-7.17
46.16,6.96,-7.17
46.16,6.93,-7.17
46.16,6.91,-7.17
46.17,6.90,-7.17
46.17,6.88,-7.17
46.17,6.87,-7.17
46.17,6.86,-7.17
46.17,6.85,-7.17
46.17,6.83,-7.17
46.18,6.82,-7.17
46.18,6.81,-7.17
46.18,6.80,-7.17
46.18,6.80,-7.17
46.19,6.80,-7.17
46.19,6.80,-7.17
46.19,6.80,-7.17
46.19,6.80,-7.17
46.19,6.80,-7.17
46.20,6.80,-6.80
46.20,6.80,-6.80
46.20,6.80,-6.80
46.20,6.81,-6.80
46.21,6.82,-6.80
46.21,6.82,-6.80
46.21,6.83,-6.80
46.21,6.83,-6.80
46.21,6.83,-6.80
46.22,6.83,-6.80
46.22,6.83,-6.80
46.22,6.84,-6.80
46.22,6.86,-6.80
46.22,6.87,-6.80
46.23,6.88,-6.80
46.23,6.90,-6.80
46.23,6.91,-6.80
46.23,6.92,-6.80
46.24,6.93,-6.80
46.24,6.95,-6.80
46.24,6.96,-6.80
46.24,6.97,-6.80
46.24,6.99,-6.80
46.25,7.01,-6.80
46.25,7.02,-6.80
46.25,7.03,-6.80
46.25,7.04,-6.80
46.25,7.05,-6.80
46.26,7.06,-6.80
46.26,7.08,-6.80
46.26,7.10,-6.80
46.26,7.11,-6.80
46.26,7.12,-6.80
46.27,7.14,-6.80
46.27,7.14,-6.80
46.27,7.15,-6.80
46.27,7.15,-6.80
46.27,7.15,-6.80
46.28,7.15,-6.80
46.28,7.14,-6.80
46.28,7.14,-6.80
46.28,7.12,-6.80
46.28,7.10,-6.80
46.29,7.09,-6.80
46.29,7.07,-6.80
46.29,7.06,-6.80
46.29,7.04,-6.80
46.29,7.03,-6.80
46.30,7.02,-6.80
46.30,7.00,-7.00
46.30,6.99,-7.00
46.30,6.99,-7.00
46.31,6.98,-7.00
46.31,6.98,-7.00
46.31,6.98,-7.00
46.31,6.98,-7.00
46.31,6.98,-7.00
46.32,6.98,-7.00
46.32,6.99,-7.00
46.32,6.99,-7.00
46.32,6.99,-7.00
46.33,6.99,-7.00
46.33,7.00,-7.00
46.33,7.00,-7.00
46.33,7.00,-7.00
46.33,7.01,-7.00
46.34,7.02,-7.00
46.34,7.03,-7.00
46.34,7.04,-7.00
46.34,7.05,-7.00
46.34,7.07,-7.00
46.35,7.08,-7.00
46.35,7.09,-7.00
46.35,7.10,-7.00
46.35,7.11,-7.00
46.35,7.12,-7.00
46.36,7.14,-7.00
46.36,7.15,-7.00
46.36,7.16,-7.00
46.36,7.17,-7.00
46.36,7.17,-7.00
46.37,7.17,-7.00
46.37,7.17,-7.00
46.37,7.18,-7.00
46.37,7.18,-7.00
46.37,7.18,-7.00
46.38,7.19,-7.00
46.38,7.20,-7.00
46.38,7.21,-7.00
46.38,7.21,-7.00
46.39,7.20,-7.00
46.39,7.20,-7.00
46.39,7.19,-7.00
46.39,7.19,-7.00
46.39,7.20,-7.00
46.40,7.21,-7.00
46.40,7.21,-7.00
46.40,7.21,-7.00
46.40,7.20,-7.20
46.41,7.20,-7.20
46.41,7.20,-7.20
46.41,7.20,-7.20
46.41,7.20,-7.20
46.41,7.20,-7.20
46.42,7.20,-7.20
46.42,7.20,-7.20
46.42,7.20,-7.20
46.42,7.20,-7.20
46.42,7.20,-7.20
46.42,7.20,-7.20
46.43,7.21,-7.20
46.43,7.22,-7.20
46.43,7.22,-7.20
46.43,7.24,-7.20
46.44,7.25,-7.20
46.44,7.26,-7.20
46.44,7.27,-7.20
46.44,7.28,-7.20
46.44,7.28,-7.20
46.45,7.28,-7.20
46.45,7.29,-7.20
46.45,7.29,-7.20
46.45,7.29,-7.20
46.45,7.30,-7.20
46.46,7.30,-7.20
46.46,7.31,-7.20
46.46,7.33,-7.20
46.46,7.34,-7.20
46.47,7.35,-7.20
46.47,7.36,-7.20
46.47,7.37,-7.20
46.47,7.38,-7.20
46.47,7.38,-7.20
46.48,7.37,-7.20
46.48,7.37,-7.20
46.48,7.36,-7.20
46.48,7.36,-7.20
46.48,7.35,-7.20
46.49,7.33,-7.20
46.49,7.31,-7.20
46.49,7.29,-7.20
46.49,7.28,-7.20
46.49,7.25,-7.20
46.50,7.23,-7.20
46.50,7.21,-7.20
46.50,7.18,-7.20
46.50,7.16,-7.20
46.51,7.15,-7.15
46.51,7.14,-7.15
46.51,7.13,-7.15
46.51,7.13,-7.15
46.51,7.13,-7.15
46.52,7.11,-7.15
46.52,7.10,-7.15
46.52,7.09,-7.15
46.52,7.07,-7.15
46.52,7.07,-7.15
46.53,7.07,-7.15
46.53,7.08,-7.15
46.53,7.08,-7.15
46.53,7.08,-7.15
46.53,7.09,-7.15
46.54,7.09,-7.15
46.54,7.10,-7.15
46.54,7.11,-7.15
46.54,7.12,-7.15
46.55,7.13,-7.15
46.55,7.14,-7.15
46.55,7.15,-7.15
46.55,7.17,-7.15
46.55,7.17,-7.15
46.56,7.18,-7.15
46.56,7.19,-7.15
46.56,7.21,-7.15
46.56,7.22,-7.15
46.56,7.23,-7.15
46.57,7.23,-7.15
46.57,7.23,-7.15
46.57,7.23,-7.15
46.57,7.21,-7.15
46.57,7.20,-7.15
46.58,7.19,-7.15
46.58,7.17,-7.15
46.58,7.15,-7.15
46.58,7.12,-7.15
46.58,7.10,-7.15
46.59,7.08,-7.15
46.59,7.05,-7.15
46.59,7.02,-7.15
46.59,7.00,-7.15
46.59,6.98,-7.15
46.60,6.96,-7.15
46.60,6.94,-7.15
46.60,6.91,-7.15
46.60,6.89,-7.15
46.61,6.88,-6.88
46.61,6.87,-6.88
46.61,6.85,-6.88
46.61,6.83,-6.88
46.61,6.81,-6.88
46.62,6.79,-6.88
46.62,6.78,-6.88
46.62,6.77,-6.88
46.62,6.76,-6.88
46.63,6.75,-6.88
46.63,6.73,-6.88
46.63,6.71,-6.88
46.63,6.69,-6.88
46.63,6.68,-6.88
46.64,6.67,-6.88
46.64,6.66,-6.88
46.64,6.65,-6.88
46.64,6.64,-6.88
46.64,6.62,-6.88
46.65,6.61,-6.88
46.65,6.59,-6.88
46.65,6.58,-6.88
46.65,6.56,-6.88
46.65,6.55,-6.88
46.66,6.54,-6.88
46.66,6.53,-6.88
46.66,6.52,-6.88
46.66,6.52,-6.88
46.66,6.53,-6.88
46.67,6.54,-6.88
46.67,6.55,-6.88
46.67,6.56,-6.88
46.67,6.57,-6.88
46.67,6.59,-6.88
46.68,6.60,-6.88
46.68,6.62,-6.88
46.68,6.63,-6.88
46.68,6.65,-6.88
46.68,6.65,-6.88
46.69,6.66,-6.88
46.69,6.67,-6.88
46.69,6.68,-6.88
46.69,6.69,-6.88
46.70,6.70,-6.88
46.70,6.71,-6.88
46.70,6.73,-6.88
46.70,6.74,-6.88
46.70,6.76,-6.88
46.71,6.77,-6.88
46.71,6.80,-6.80
46.71,6.83,-6.80
46.71,6.85,-6.80
46.72,6.88,-6.80
46.72,6.91,-6.80
46.72,6.93,-6.80
46.72,6.97,-6.80
46.72,7.00,-6.80
46.73,7.03,-6.80
46.73,7.06,-6.80
46.73,7.10,-6.80
46.73,7.14,-6.80
46.73,7.18,-6.80
46.74,7.21,-6.80
46.74,7.23,-6.80
46.74,7.26,-6.80
46.74,7.27,-6.80
46.74,7.30,-6.80
46.75,7.32,-6.80
46.75,7.34,-6.80
46.75,7.37,-6.80
46.75,7.39,-6.80
46.75,7.41,-6.80
46.76,7.42,-6.80
46.76,7.43,-6.80
46.76,7.44,-6.80
46.76,7.45,-6.80
46.76,7.45,-6.80
46.77,7.45,-6.80
46.77,7.45,-6.80
46.77,7.45,-6.80
46.77,7.45,-6.80
46.77,7.45,-6.80
46.78,7.44,-6.80
46.78,7.42,-6.80
46.78,7.40,-6.80
46.78,7.38,-6.80
46.78,7.35,-6.80
46.79,7.32,-6.80
46.79,7.30,-6.80
46.79,7.27,-6.80
46.79,7.24,-6.80
46.80,7.20,-6.80
46.80,7.16,-6.80
46.80,7.12,-6.80
46.80,7.09,-6.80
46.80,7.06,-6.80
46.81,7.03,-6.80
46.81,7.01,-6.80
46.81,6.96,-6.96
46.81,6.93,-6.96
46.82,6.90,-6.96
46.82,6.89,-6.96
46.82,6.88,-6.96
46.82,6.87,-6.96
46.82,6.85,-6.96
46.83,6.85,-6.96
46.83,6.85,-6.96
46.83,6.84,-6.96
46.83,6.85,-6.96
46.83,6.85,-6.96
46.84,6.86,-6.96
46.84,6.87,-6.96
46.84,6.89,-6.96
46.84,6.91,-6.96
46.84,6.92,-6.96
46.85,6.94,-6.96
46.85,6.96,-6.96
46.85,6.97,-6.96
46.85,6.98,-6.96
46.85,6.98,-6.96
46.86,6.98,-6.96
46.86,6.97,-6.96
46.86,6.96,-6.96
46.86,6.95,-6.96
46.87,6.93,-6.96
46.87,6.92,-6.96
46.87,6.90,-6.96
46.87,6.89,-6.96
46.87,6.88,-6.96
46.88,6.87,-6.96
46.88,6.85,-6.96
46.88,6.84,-6.96
46.88,6.82,-6.96
46.88,6.79,-6.96
46.89,6.76,-6.96
46.89,6.73,-6.96
46.89,6.70,-6.96
46.89,6.66,-6.96
46.89,6.62,-6.96
46.90,6.58,-6.96
46.90,6.55,-6.96
46.90,6.52,-6.96
46.90,6.49,-6.96
46.90,6.46,-6.96
46.91,6.43,-6.96
46.91,6.41,-6.96
46.91,6.39,-6.96
46.91,6.36,-6.36
46.92,6.34,-6.36
46.92,6.34,-6.36
46.92,6.33,-6.36
46.92,6.33,-6.36
46.92,6.34,-6.36
46.93,6.34,-6.36
46.93,6.35,-6.36
46.93,6.36,-6.36
46.93,6.38,-6.36
46.93,6.41,-6.36
46.94,6.43,-6.36
46.94,6.45,-6.36
46.94,6.48,-6.36
46.94,6.50,-6.36
46.95,6.53,-6.36
46.95,6.56,-6.36
46.95,6.60,-6.36
46.95,6.63,-6.36
46.95,6.66,-6.36
46.96,6.69,-6.36
46.96,6.72,-6.36
46.96,6.74,-6.36
46.96,6.75,-6.36
46.96,6.76,-6.36
46.97,6.75,-6.36
46.97,6.74,-6.36
46.97,6.74,-6.36
46.97,6.74,-6.36
46.97,6.74,-6.36
46.98,6.75,-6.36
46.98,6.75,-6.36
46.98,6.76,-6.36
46.98,6.77,-6.36
46.98,6.78,-6.36
46.99,6.78,-6.36
46.99,6.77,-6.36
46.99,6.76,-6.36
46.99,6.75,-6.36
46.99,6.74,-6.36
47.00,6.73,-6.36
47.00,6.72,-6.36
47.00,6.71,-6.36
47.00,6.69,-6.36
47.00,6.68,-6.36
47.01,6.66,-6.36
47.01,6.65,-6.36
47.01,6.63,-6.36
47.01,6.61,-6.36
47.02,6.57,-6.57
47.02,6.55,-6.57
47.02,6.52,-6.57
47.02,6.50,-6.57
47.02,6.48,-6.57
47.03,6.46,-6.57
47.03,6.44,-6.57
47.03,6.42,-6.57
47.03,6.39,-6.57
47.03,6.36,-6.57
47.04,6.32,-6.57
47.04,6.27,-6.57
47.04,6.21,-6.57
47.04,6.14,-6.57
47.05,6.08,-6.57
47.05,6.01,-6.57
47.05,5.94,-6.57
47.05,5.88,-6.57
47.05,5.82,-6.57
47.06,5.77,-6.57
47.06,5.73,-6.57
47.06,5.69,-6.57
47.06,5.65,-6.57
47.06,5.61,-6.57
47.07,5.58,-6.57
47.07,5.55,-6.57
47.07,5.52,-6.57
47.07,5.49,-6.57
47.07,5.47,-6.57
47.08,5.45,-6.57
47.08,5.44,-6.57
47.08,5.45,-6.57
47.08,5.47,-6.57
47.08,5.50,-6.57
47.09,5.54,-6.57
47.09,5.57,-6.57
47.09,5.62,-6.57
47.09,5.66,-6.57
47.09,5.72,-6.57
47.10,5.77,-6.57
47.10,5.84,-6.57
47.10,5.93,-6.57
47.10,6.02,-6.57
47.10,6.13,-6.57
47.11,6.24,-6.57
47.11,6.36,-6.57
47.11,6.50,-6.57
47.11,6.65,-6.57
47.12,6.81,-6.57
47.12,7.12,-7.12
47.12,7.29,-7.12
47.12,7.46,-7.12
47.13,7.61,-7.12
47.13,7.76,-7.12
47.13,7.92,-7.12
47.13,8.07,-7.12
47.13,8.23,-7.12
47.14,8.38,-7.12
47.14,8.53,-7.12
47.14,8.68,-7.12
47.14,8.82,-7.12
47.14,8.95,-7.12
47.15,9.07,-7.12
47.15,9.18,-7.12
47.15,9.26,-7.12
47.15,9.32,-7.12
47.15,9.37,-7.12
47.16,9.39,-7.12
47.16,9.37,-7.12
47.16,9.34,-7.12
47.16,9.30,-7.12
47.16,9.24,-7.12
47.17,9.17,-7.12
47.17,9.09,-7.12
47.17,9.01,-7.12
47.17,8.91,-7.12
47.17,8.79,-7.12
47.18,8.66,-7.12
47.18,8.52,-7.12
47.18,8.36,-7.12
47.18,8.19,-7.12
47.19,8.01,-7.12
47.19,7.81,-7.12
47.19,7.60,-7.12
47.19,7.38,-7.12
47.19,7.14,-7.12
47.20,6.89,-7.12
47.20,6.65,-7.12
47.20,6.40,-7.12
47.20,6.16,-7.12
47.20,5.93,-7.12
47.21,5.70,-7.12
47.21,5.47,-7.12
47.21,5.23,-7.12
47.21,5.00,-7.12
47.21,4.76,-7.12
47.22,4.49,-7.12
47.22,4.23,-7.12
47.22,3.72,-3.72
47.22,3.42,-3.72
47.23,3.13,-3.72
47.23,2.85,-3.72
47.23,2.56,-3.72
47.23,2.29,-3.72
47.23,2.02,-3.72
47.24,1.76,-3.72
47.24,1.51,-3.72
47.24,1.27,-3.72
47.24,1.04,-3.72
47.24,0.81,-3.72
47.25,0.51,-3.72
47.25,0.02,-3.72
47.25,-0.48,-3.72
47.25,-0.86,-3.72
47.25,-1.16,-3.72
47.26,-1.42,-3.72
47.26,-1.63,-3.72
47.26,-1.80,-3.72
47.26,-1.91,-3.72
47.27,-1.88,-3.72
47.27,-1.78,-3.72
47.27,-1.68,-3.72
47.27,-1.66,-3.72
47.27,-1.76,-3.72
47.28,-1.99,-3.72
47.28,-2.25,-3.72
47.28,-2.49,-3.72
47.28,-2.64,-3.72
47.28,-2.69,-3.72
47.28,-2.64,-3.72
47.29,-2.56,-3.72
47.29,-2.49,-3.72
47.29,-2.38,-3.72
47.29,-2.18,-3.72
47.30,-1.99,-3.72
47.30,-1.84,-3.72
47.30,-1.70,-3.72
47.30,-1.60,-3.72
47.30,-1.51,-3.72
47.31,-1.40,-3.72
47.31,-1.22,-3.72
47.31,-1.02,-3.72
47.31,-0.80,-3.72
47.31,-0.59,-3.72
47.32,-0.43,-3.72
47.32,-0.29,-3.72
47.32,-0.03,0.03
47.32,0.11,0.03
47.33,0.24,0.03
47.33,0.34,0.03
47.33,0.41,0.03
47.33,0.46,0.03
47.33,0.53,0.03
47.34,0.64,0.03
47.34,0.75,0.03
47.34,0.86,0.03
47.34,0.98,0.03
47.35,1.13,0.03
47.35,1.29,0.03
47.35,1.47,0.03
47.35,1.67,0.03
47.35,1.86,0.03
47.35,2.03,0.03
47.36,2.16,0.03
47.36,2.26,0.03
47.36,2.34,0.03
47.36,2.42,0.03
47.37,2.50,0.03
47.37,2.66,0.03
47.37,2.93,0.03
47.37,3.13,0.03
47.37,3.13,0.03
47.38,3.02,0.03
47.38,3.03,0.03
47.38,3.28,0.03
47.38,4.16,0.03
47.38,5.47,0.03
47.39,6.86,0.03
47.39,7.89,0.03
47.39,8.45,0.03
47.39,8.88,0.03
47.39,9.31,0.03
47.40,9.55,0.03
47.40,9.52,0.03
47.40,9.29,0.03
47.40,9.17,0.03
47.40,9.44,0.03
47.41,10.16,0.03
47.41,11.09,0.03
47.41,12.12,0.03
47.41,12.94,0.03
47.41,13.43,0.03
47.42,13.74,0.03
47.42,13.99,0.03
47.42,14.22,0.03
47.42,14.46,-14.46
47.43,14.52,-14.46
47.43,14.59,-14.46
47.43,14.70,-14.46
47.43,14.81,-14.46
47.43,14.79,-14.46
47.44,14.54,-14.46
47.44,14.21,-14.46
47.44,14.00,-14.46
47.44,13.95,-14.46
47.44,13.96,-14.46
47.45,14.08,-14.46
47.45,14.27,-14.46
47.45,14.39,-14.46
47.45,14.44,-14.46
47.46,14.47,-14.46
47.46,14.53,-14.46
47.46,14.55,-14.46
47.46,14.52,-14.46
47.46,14.44,-14.46
47.47,14.33,-14.46
47.47,14.18,-14.46
47.47,14.07,-14.46
47.47,13.98,-14.46
47.47,13.78,-14.46
47.48,13.37,-14.46
47.48,12.77,-14.46
47.48,12.17,-14.46
47.48,11.90,-14.46
47.48,11.95,-14.46
47.49,12.08,-14.46
47.49,12.19,-14.46
47.49,12.24,-14.46
47.49,12.22,-14.46
47.49,12.18,-14.46
47.50,12.18,-14.46
47.50,12.23,-14.46
47.50,12.30,-14.46
47.50,12.37,-14.46
47.50,12.45,-14.46
47.51,12.65,-14.46
47.51,12.98,-14.46
47.51,13.40,-14.46
47.51,13.85,-14.46
47.51,14.28,-14.46
47.52,14.65,-14.46
47.52,14.99,-14.46
47.52,15.37,-14.46
47.52,15.86,-14.46
47.53,17.01,-17.01
47.53,17.64,-17.01
47.53,18.24,-17.01
47.53,18.88,-17.01
47.53,19.44,-17.01
47.54,19.91,-17.01
47.54,20.47,-17.01
47.54,21.11,-17.01
47.54,21.74,-17.01
47.55,22.37,-17.01
47.55,22.97,-17.01
47.55,23.62,-17.01
47.55,24.34,-17.01
47.55,25.15,-17.01
47.56,25.97,-17.01
47.56,26.75,-17.01
47.56,27.32,-17.01
47.56,27.71,-17.01
47.56,27.89,-17.01
47.57,27.79,-17.01
47.57,27.22,-17.01
47.57,26.07,-17.01
47.57,24.76,-17.01
47.57,23.88,-17.01
47.58,23.56,-17.01
47.58,23.40,-17.01
47.58,23.15,-17.01
47.58,22.77,-17.01
47.58,22.41,-17.01
47.59,22.13,-17.01
47.59,21.75,-17.01
47.59,21.23,-17.01
47.59,20.55,-17.01
47.59,19.79,-17.01
47.60,18.92,-17.01
47.60,17.90,-17.01
47.60,16.79,-17.01
47.60,15.68,-17.01
47.60,14.52,-17.01
47.60,13.44,-17.01
47.61,12.54,-17.01
47.61,11.87,-17.01
47.61,11.34,-17.01
47.61,10.81,-17.01
47.62,10.22,-17.01
47.62,9.57,-17.01
47.62,8.84,-17.01
47.62,8.14,-17.01
47.62,7.55,-17.01
47.63,6.86,-6.86
47.63,6.52,-6.86
47.63,6.20,-6.86
47.63,5.89,-6.86
47.64,5.63,-6.86
47.64,5.36,-6.86
47.64,5.07,-6.86
47.64,4.67,-6.86
47.64,4.27,-6.86
47.65,3.93,-6.86
47.65,3.71,-6.86
47.65,3.59,-6.86
47.65,3.46,-6.86
47.65,3.30,-6.86
47.66,3.15,-6.86
47.66,3.01,-6.86
47.66,2.96,-6.86
47.66,3.08,-6.86
47.67,3.21,-6.86
47.67,3.30,-6.86
47.67,3.37,-6.86
47.67,3.36,-6.86
47.67,3.20,-6.86
47.67,2.99,-6.86
47.68,2.79,-6.86
47.68,2.65,-6.86
47.68,2.63,-6.86
47.68,2.49,-6.86
47.69,2.25,-6.86
47.69,1.98,-6.86
47.69,1.69,-6.86
47.69,1.33,-6.86
47.69,0.93,-6.86
47.70,0.48,-6.86
47.70,0.01,-6.86
47.70,-0.45,-6.86
47.70,-0.91,-6.86
47.70,-1.42,-6.86
47.71,-1.89,-6.86
47.71,-2.28,-6.86
47.71,-2.62,-6.86
47.71,-2.92,-6.86
47.71,-3.20,-6.86
47.72,-3.47,-6.86
47.72,-3.76,-6.86
47.72,-4.04,-6.86
47.72,-4.32,-6.86
47.72,-4.62,-6.86
47.73,-4.89,-6.86
47.73,-5.10,5.10
47.73,-5.14,5.10
47.73,-5.10,5.10
47.74,-5.00,5.10
47.74,-4.84,5.10
47.74,-4.67,5.10
47.74,-4.49,5.10
47.74,-4.34,5.10
47.75,-4.22,5.10
47.75,-4.12,5.10
47.75,-4.01,5.10
47.75,-3.87,5.10
47.75,-3.71,5.10
47.76,-3.52,5.10
47.76,-3.32,5.10
47.76,-3.13,5.10
47.76,-2.96,5.10
47.76,-2.80,5.10
47.77,-2.68,5.10
47.77,-2.58,5.10
47.77,-2.51,5.10
47.77,-2.46,5.10
47.78,-2.40,5.10
47.78,-2.31,5.10
47.78,-2.19,5.10
47.78,-2.06,5.10
47.78,-1.91,5.10
47.78,-1.75,5.10
47.79,-1.59,5.10
47.79,-1.43,5.10
47.79,-1.27,5.10
47.79,-1.08,5.10
47.80,-0.87,5.10
47.80,-0.65,5.10
47.80,-0.47,5.10
47.80,-0.31,5.10
47.80,-0.12,5.10
47.81,0.09,5.10
47.81,0.35,5.10
47.81,0.62,5.10
47.81,0.87,5.10
47.81,1.10,5.10
47.82,1.29,5.10
47.82,1.47,5.10
47.82,1.64,5.10
47.82,1.80,5.10
47.82,1.99,5.10
47.83,2.18,5.10
47.83,2.39,5.10
47.83,2.72,-2.72
47.83,2.91,-2.72
47.84,3.10,-2.72
47.84,3.28,-2.72
47.84,3.41,-2.72
47.84,3.48,-2.72
47.84,3.58,-2.72
47.85,3.76,-2.72
47.85,3.92,-2.72
47.85,4.05,-2.72
47.85,4.25,-2.72
47.85,4.41,-2.72
47.86,4.51,-2.72
47.86,4.64,-2.72
47.86,4.78,-2.72
47.86,4.92,-2.72
47.86,5.02,-2.72
47.87,5.09,-2.72
47.87,5.10,-2.72
47.87,5.08,-2.72
47.87,5.10,-2.72
47.87,5.16,-2.72
47.88,5.24,-2.72
47.88,5.29,-2.72
47.88,5.28,-2.72
47.88,5.25,-2.72
47.88,5.23,-2.72
47.89,5.19,-2.72
47.89,5.27,-2.72
47.89,5.32,-2.72
47.89,5.18,-2.72
47.90,5.05,-2.72
47.90,5.03,-2.72
47.90,5.07,-2.72
47.90,5.04,-2.72
47.90,4.98,-2.72
47.91,5.04,-2.72
47.91,5.14,-2.72
47.91,5.17,-2.72
47.91,5.21,-2.72
47.91,5.30,-2.72
47.92,5.44,-2.72
47.92,5.55,-2.72
47.92,5.59,-2.72
47.92,5.61,-2.72
47.92,5.61,-2.72
47.92,5.58,-2.72
47.93,5.56,-2.72
47.93,5.57,-2.72
47.93,5.53,-5.53
47.94,5.49,-5.53
47.94,5.48,-5.53
47.94,5.51,-5.53
47.94,5.57,-5.53
47.94,5.65,-5.53
47.95,5.76,-5.53
47.95,5.89,-5.53
47.95,6.05,-5.53
47.95,6.23,-5.53
47.95,6.38,-5.53
47.96,6.51,-5.53
47.96,6.62,-5.53
47.96,6.71,-5.53
47.96,6.80,-5.53
47.96,6.89,-5.53
47.97,6.98,-5.53
47.97,7.05,-5.53
47.97,7.10,-5.53
47.97,7.13,-5.53
47.97,7.18,-5.53
47.98,7.24,-5.53
47.98,7.28,-5.53
47.98,7.33,-5.53
47.98,7.37,-5.53
47.98,7.43,-5.53
47.99,7.48,-5.53
47.99,7.52,-5.53
47.99,7.64,-5.53
47.99,7.73,-5.53
47.99,7.77,-5.53
48.00,7.87,-5.53
48.00,8.06,-5.53
48.00,8.26,-5.53
48.00,8.46,-5.53
48.00,8.64,-5.53
48.01,8.92,-5.53
48.01,9.23,-5.53
48.01,9.49,-5.53
48.01,9.68,-5.53
48.02,9.90,-5.53
48.02,10.21,-5.53
48.02,10.50,-5.53
48.02,10.78,-5.53
48.02,11.07,-5.53
48.03,11.38,-5.53
48.03,11.83,-5.53
48.03,12.20,-5.53
48.03,12.37,-5.53
48.03,12.64,-12.64
48.04,12.73,-12.64
48.04,12.72,-12.64
48.04,12.69,-12.64
48.04,12.70,-12.64
48.05,12.79,-12.64
48.05,12.80,-12.64
48.05,12.73,-12.64
48.05,12.70,-12.64
48.05,12.70,-12.64
48.06,12.61,-12.64
48.06,12.42,-12.64
48.06,12.20,-12.64
48.06,12.01,-12.64
48.06,11.76,-12.64
48.07,11.45,-12.64
48.07,11.17,-12.64
48.07,10.96,-12.64
48.07,10.81,-12.64
48.07,10.69,-12.64
48.08,10.61,-12.64
48.08,10.47,-12.64
48.08,10.15,-12.64
48.08,10.17,-12.64
48.08,10.19,-12.64
48.09,9.91,-12.64
48.09,9.81,-12.64
48.09,9.87,-12.64
48.09,9.88,-12.64
48.09,9.82,-12.64
48.10,9.76,-12.64
48.10,9.75,-12.64
48.10,9.75,-12.64
48.10,9.75,-12.64
48.10,9.76,-12.64
48.11,9.73,-12.64
48.11,9.71,-12.64
48.11,9.72,-12.64
48.11,9.74,-12.64
48.11,9.79,-12.64
48.12,9.87,-12.64
48.12,9.94,-12.64
48.12,9.96,-12.64
48.12,9.94,-12.64
48.13,9.89,-12.64
48.13,9.85,-12.64
48.13,9.78,-12.64
48.13,9.72,-12.64
48.13,9.65,-12.64
48.14,9.49,-9.49
48.14,9.42,-9.49
48.14,9.36,-9.49
48.14,9.30,-9.49
48.15,9.24,-9.49
48.15,9.17,-9.49
48.15,9.10,-9.49
48.15,9.02,-9.49
48.15,8.95,-9.49
48.16,8.92,-9.49
48.16,8.89,-9.49
48.16,8.86,-9.49
48.16,8.85,-9.49
48.16,8.81,-9.49
48.17,8.79,-9.49
48.17,8.76,-9.49
48.17,8.74,-9.49
48.17,8.72,-9.49
48.17,8.71,-9.49
48.17,8.69,-9.49
48.18,8.68,-9.49
48.18,8.67,-9.49
48.18,8.66,-9.49
48.18,8.68,-9.49
48.19,8.70,-9.49
48.19,8.72,-9.49
48.19,8.73,-9.49
48.19,8.75,-9.49
48.19,8.77,-9.49
48.20,8.78,-9.49
48.20,8.80,-9.49
48.20,8.82,-9.49
48.20,8.82,-9.49
48.20,8.81,-9.49
48.21,8.80,-9.49
48.21,8.80,-9.49
48.21,8.80,-9.49
48.21,8.79,-9.49
48.21,8.79,-9.49
48.22,8.78,-9.49
48.22,8.76,-9.49
48.22,8.75,-9.49
48.22,8.73,-9.49
48.22,8.72,-9.49
48.23,8.71,-9.49
48.23,8.69,-9.49
48.23,8.68,-9.49
48.23,8.68,-9.49
48.23,8.68,-9.49
48.24,8.67,-8.67
48.24,8.66,-8.67
48.24,8.65,-8.67
48.24,8.65,-8.67
48.25,8.65,-8.67
48.25,8.66,-8.67
48.25,8.68,-8.67
48.25,8.70,-8.67
48.25,8.71,-8.67
48.26,8.72,-8.67
48.26,8.73,-8.67
48.26,8.73,-8.67
48.26,8.74,-8.67
48.27,8.74,-8.67
48.27,8.74,-8.67
48.27,8.74,-8.67
48.27,8.73,-8.67
48.27,8.73,-8.67
48.28,8.73,-8.67
48.28,8.73,-8.67
48.28,8.72,-8.67
48.28,8.71,-8.67
48.28,8.70,-8.67
48.28,8.68,-8.67
48.29,8.65,-8.67
48.29,8.64,-8.67
48.29,8.62,-8.67
48.29,8.60,-8.67
48.30,8.58,-8.67
48.30,8.56,-8.67
48.30,8.53,-8.67
48.30,8.50,-8.67
48.30,8.48,-8.67
48.31,8.47,-8.67
48.31,8.45,-8.67
48.31,8.44,-8.67
48.31,8.42,-8.67
48.31,8.39,-8.67
48.32,8.37,-8.67
48.32,8.36,-8.67
48.32,8.34,-8.67
48.32,8.33,-8.67
48.32,8.31,-8.67
48.33,8.29,-8.67
48.33,8.28,-8.67
48.33,8.26,-8.67
48.33,8.26,-8.67
48.33,8.25,-8.67
48.34,8.25,-8.67
48.34,8.25,-8.25
48.34,8.26,-8.25
48.34,8.27,-8.25
48.35,8.28,-8.25
48.35,8.30,-8.25
48.35,8.31,-8.25
48.35,8.33,-8.25
48.35,8.35,-8.25
48.36,8.37,-8.25
48.36,8.38,-8.25
48.36,8.40,-8.25
48.36,8.42,-8.25
48.36,8.45,-8.25
48.37,8.47,-8.25
48.37,8.49,-8.25
48.37,8.51,-8.25
48.37,8.53,-8.25
48.38,8.55,-8.25
48.38,8.57,-8.25
48.38,8.59,-8.25
48.38,8.60,-8.25
48.38,8.62,-8.25
48.39,8.63,-8.25
48.39,8.65,-8.25
48.39,8.67,-8.25
48.39,8.69,-8.25
48.39,8.71,-8.25
48.40,8.73,-8.25
48.40,8.75,-8.25
48.40,8.77,-8.25
48.40,8.80,-8.25
48.40,8.82,-8.25
48.41,8.85,-8.25
48.41,8.88,-8.25
48.41,8.91,-8.25
48.41,8.94,-8.25
48.41,8.97,-8.25
48.42,9.00,-8.25
48.42,9.02,-8.25
48.42,9.05,-8.25
48.42,9.07,-8.25
48.42,9.10,-8.25
48.43,9.12,-8.25
48.43,9.14,-8.25
48.43,9.15,-8.25
48.43,9.17,-8.25
48.43,9.19,-8.25
48.44,9.20,-8.25
48.44,9.21,-8.25
48.44,9.22,-9.22
48.44,9.22,-9.22
48.45,9.23,-9.22
48.45,9.23,-9.22
48.45,9.23,-9.22
48.45,9.22,-9.22
48.45,9.22,-9.22
48.46,9.21,-9.22
48.46,9.20,-9.22
48.46,9.19,-9.22
48.46,9.18,-9.22
48.46,9.17,-9.22
48.47,9.15,-9.22
48.